temperature,vibration,humidity,failure
59.173495,6.941715,35.34832,0
80.036579,1.215211,63.83714,0
43.649402,8.542604,78.94272,0
91.334858,2.987215,65.17258,0
74.530174,9.462689,41.35771,1

